{"cameraMode":{"drawMode":0,"name":"Shaded","section":"Shading Mode"},"sceneLighting":true,"audioPlay":false,"sceneViewState":{"m_AlwaysRefresh":false,"showFog":true,"showSkybox":true,"showFlares":true,"showImageEffects":true,"showParticleSystems":true,"showVisualEffectGraphs":true,"m_FxEnabled":true},"in2DMode":false,"pivot":{"x":-0.005463635548949242,"y":0.35348832607269289,"z":-0.3951587677001953},"rotation":{"x":-0.16305842995643617,"y":-0.015689468011260034,"z":0.002594325691461563,"w":-0.9864931702613831},"size":0.04316023737192154,"orthographic":false}