{"cameraMode":{"drawMode":0,"name":"Shaded","section":"Shading Mode"},"sceneLighting":true,"audioPlay":false,"sceneViewState":{"m_AlwaysRefresh":false,"showFog":true,"showSkybox":true,"showFlares":true,"showImageEffects":true,"showParticleSystems":true,"showVisualEffectGraphs":true,"m_FxEnabled":true},"in2DMode":false,"pivot":{"x":-0.05724465101957321,"y":0.12444038689136505,"z":0.3441367745399475},"rotation":{"x":-0.0707433745265007,"y":0.01406148448586464,"z":-0.0009953310946002603,"w":-0.997404158115387},"size":0.4517008662223816,"orthographic":false}