{"cameraMode":{"drawMode":0,"name":"Shaded","section":"Shading Mode"},"sceneLighting":true,"audioPlay":false,"sceneViewState":{"m_AlwaysRefresh":false,"showFog":true,"showSkybox":true,"showFlares":true,"showImageEffects":true,"showParticleSystems":true,"showVisualEffectGraphs":true,"m_FxEnabled":true},"in2DMode":false,"pivot":{"x":0.019536703824996949,"y":0.33726441860198977,"z":-0.3821796476840973},"rotation":{"x":-0.1526385247707367,"y":0.030233407393097879,"z":-0.004671740811318159,"w":-0.9878093600273132},"size":0.09866601973772049,"orthographic":false}