{"cameraMode":{"drawMode":0,"name":"Shaded","section":"Shading Mode"},"sceneLighting":true,"audioPlay":false,"sceneViewState":{"m_AlwaysRefresh":false,"showFog":true,"showSkybox":true,"showFlares":true,"showImageEffects":true,"showParticleSystems":true,"showVisualEffectGraphs":true,"m_FxEnabled":false},"in2DMode":false,"pivot":{"x":-0.0923723354935646,"y":0.20052459836006165,"z":1.7243866920471192},"rotation":{"x":-0.01530589908361435,"y":0.015594713389873505,"z":-0.00025044361245818436,"w":-0.999779224395752},"size":1.290423035621643,"orthographic":false}