{"cameraMode":{"drawMode":0,"name":"Shaded","section":"Shading Mode"},"sceneLighting":true,"audioPlay":false,"sceneViewState":{"m_AlwaysRefresh":false,"showFog":true,"showSkybox":true,"showFlares":true,"showImageEffects":true,"showParticleSystems":true,"showVisualEffectGraphs":true,"m_FxEnabled":true},"in2DMode":false,"pivot":{"x":-0.3408416211605072,"y":-0.49087029695510867,"z":2.3258144855499269},"rotation":{"x":-0.13923777639865876,"y":0.04068385437130928,"z":-0.005736262537539005,"w":-0.9894243478775024},"size":1.6754318475723267,"orthographic":false}